iter	RMSE
0	57.08272693
75	44.0241361
150	41.02407559
225	39.73090696
300	39.01702213
375	38.39446232
450	37.88212366
499	37.54630542
